경기장명,대중교통시설구분명,직선거리값,도보거리값,도보이동시간,정류장지하철역명
서울종합운동장 야구장,버스,326.11304,451,406,종합운동장사거리
서울종합운동장 야구장,버스,915.47041,888,859,잠실새내역
서울종합운동장 야구장,버스,982.03649,985,1006,잠실새내역4번출구
서울종합운동장 야구장,버스,531.99487,1011,972,잠실종합운동장
서울종합운동장 야구장,버스,519.74898,894,865,잠실종합운동장
서울종합운동장 야구장,버스,990.56103,1000,1020,잠실새내역4번출구
서울종합운동장 야구장,버스,861.29843,843,818,잠실엘스아파트앞
서울종합운동장 야구장,버스,939.27228,1274,1256,잠실근린공원.성현교회
서울종합운동장 야구장,버스,872.74989,1208,1201,아시아선수촌아파트삼거리.성현교회
서울종합운동장 야구장,버스,454.955,485,497,종합운동장사거리
서울종합운동장 야구장,버스,480.17129,521,589,종합운동장사거리
서울종합운동장 야구장,버스,556.2515,748,733,아시아선수촌아파트
서울종합운동장 야구장,버스,484.46899,642,638,아시아선수촌아파트
서울종합운동장 야구장,버스,761.6582,1291,1275,아주중학교
서울종합운동장 야구장,버스,769.4451,1361,1274,아주중학교
서울종합운동장 야구장,버스,522.41223,990,1160,잠실종합운동장
서울종합운동장 야구장,버스,541.36153,915,884,잠실종합운동장
서울종합운동장 야구장,버스,319.47959,820,980,잠실종합운동장
서울종합운동장 야구장,버스,491.82,543,609,잠실주공1단지
서울종합운동장 야구장,버스,488.03761,517,525,잠실주공1단지
서울종합운동장 야구장,지하철,394.22541,587,598,종합운동장(9)
서울종합운동장 야구장,지하철,334.65876,729,668,종합운동장(8)
서울종합운동장 야구장,지하철,384.87638,812,740,종합운동장(7)
서울종합운동장 야구장,지하철,430.61654,851,844,종합운동장(6)
서울종합운동장 야구장,지하철,480.40276,878,899,종합운동장(5)
서울종합운동장 야구장,지하철,523.27623,991,1163,종합운동장(4)
서울종합운동장 야구장,지하철,471.66444,944,913,종합운동장(3)
서울종합운동장 야구장,지하철,389.8619,837,820,종합운동장(2)
서울종합운동장 야구장,지하철,364.75846,788,774,종합운동장(1)
서울종합운동장 야구장,지하철,394.22541,587,598,종합운동장(9)
서울종합운동장 야구장,지하철,334.65876,729,668,종합운동장(8)
서울종합운동장 야구장,지하철,384.87638,812,740,종합운동장(7)
서울종합운동장 야구장,지하철,430.61654,851,844,종합운동장(6)
서울종합운동장 야구장,지하철,480.40276,878,899,종합운동장(5)
서울종합운동장 야구장,지하철,523.27623,991,1163,종합운동장(4)
서울종합운동장 야구장,지하철,471.66444,944,913,종합운동장(3)
서울종합운동장 야구장,지하철,389.8619,837,820,종합운동장(2)
서울종합운동장 야구장,지하철,364.75846,788,774,종합운동장(1)
대구삼성라이온즈파크,버스,942.29199,1974,2354,유림아파트113동
사직야구장,버스,990.80092,2056,2418,유림스토아
사직야구장,버스,986.30999,2059,2422,유림스토아
사직야구장,버스,475.27621,1197,1531,거제여중
사직야구장,버스,603.36641,1685,2128,수덕사
사직야구장,버스,725.91506,1153,1527,부산의료원
사직야구장,버스,538.32886,854,1084,대우그린타워아파트
사직야구장,버스,541.11872,833,950,부산의료원
사직야구장,버스,980.29622,974,978,부산교육대학교후문
사직야구장,버스,165.55405,263,301,홈플러스
사직야구장,버스,951.43174,1498,1720,계성여상입구
사직야구장,버스,999.93599,1709,1922,거제4동새마을금고
사직야구장,지하철,540.19456,724,865,종합운동장(1)
사직야구장,지하철,374.71614,550,554,종합운동장(11)
사직야구장,지하철,548.78114,727,805,종합운동장(2)
사직야구장,지하철,501.70612,707,838,종합운동장(3)
사직야구장,지하철,407.17609,597,657,종합운동장(4)
사직야구장,지하철,450.13643,655,864,종합운동장(5)
사직야구장,지하철,397.61459,652,810,종합운동장(7)
사직야구장,지하철,362.41184,525,574,종합운동장(9)
사직야구장,버스,819.41961,1760,2157,만수사
사직야구장,버스,823.23081,1755,2151,만수사
사직야구장,버스,784.77106,1651,2041,청구아파트
사직야구장,버스,781.1176,1139,1201,대우아파트
사직야구장,버스,835.83454,1019,1084,법원-검찰청
사직야구장,버스,861.94825,952,959,여명중학교
사직야구장,버스,747.27906,905,917,연제우체국
사직야구장,버스,478.03967,676,711,현대쌍용아파트
사직야구장,버스,462.31908,662,699,현대쌍용아파트
사직야구장,버스,738.70786,897,910,남문초등학교
사직야구장,버스,957.94305,955,961,대선주조
사직야구장,버스,560.18283,768,870,거성교차로(종합운동장역)
사직야구장,버스,79.57627,261,292,사직실내수영장
사직야구장,버스,476.49699,702,929,거성교차로(종합운동장역)
사직야구장,버스,513.2238,804,909,거성교차로
사직야구장,버스,593.3209,938,1026,거제리안동네
사직야구장,버스,700.39317,1006,1245,거제리안동네
사직야구장,버스,850.99017,1229,1291,거제교회
사직야구장,버스,882.11041,1211,1439,거제교회
사직야구장,버스,927.54529,1982,2370,유림아파트113동
사직야구장,버스,162.18691,258,296,홈플러스
사직야구장,버스,344.06144,492,531,종합운동장역
사직야구장,버스,274.90465,494,596,삼정그린코아아파트
사직야구장,버스,270.16372,803,940,삼정그린코아아파트
사직야구장,버스,444.07228,659,698,현대쌍용아파트
사직야구장,버스,795.80593,1660,2040,청구아파트
사직야구장,버스,779.92864,1607,1990,거성중
사직야구장,버스,730.75456,1534,1925,곰두리스포츠센터
사직야구장,버스,737.80294,1479,1850,곰두리스포츠센터
사직야구장,버스,704.01631,1402,1758,구연제교통차고지
사직야구장,버스,709.9812,1402,1758,구연제교통차고지
사직야구장,버스,738.5731,910,922,남문초등학교
사직야구장,버스,861.6314,865,881,여명중학교입구
사직야구장,버스,837.4336,1158,1388,화신아파트
사직야구장,버스,726.16573,1033,1271,화랑아파트
사직야구장,버스,587.47971,948,1152,탑마트
사직야구장,버스,602.77178,960,1217,탑마트
사직야구장,버스,655.42834,1334,1676,김씨네슈퍼
사직야구장,버스,556.45629,1021,1258,거제2치안센터
사직야구장,버스,533.9778,1154,1459,거제여중
사직야구장,버스,597.11844,1243,1566,거송경로당
사직야구장,버스,313.31454,535,533,창신초등학교
사직야구장,버스,986.57585,1426,1472,경남아파트
사직야구장,버스,803.52873,935,951,법원-검찰청
사직야구장,버스,379.59858,642,692,창신초등학교(종합운동장역)
사직야구장,버스,965.89802,1140,1190,법원-검찰청
사직야구장,버스,553.86462,870,1104,부산의료원
사직야구장,버스,943.98245,1084,1078,거제리대조연립
사직야구장,버스,575.99552,868,989,부산의료원
사직야구장,버스,656.87468,1328,1669,김씨네슈퍼
사직야구장,버스,747.12152,917,929,남문초등학교
사직야구장,버스,430.99543,637,680,현대쌍용아파트
사직야구장,버스,331.89934,709,849,삼정그린아파트
사직야구장,버스,283.97446,507,616,삼정그린아파트
대구삼성라이온즈파크,버스,939.38081,794,771,고산농협창고앞
대구삼성라이온즈파크,버스,905.14236,1074,1012,고모동입구
대구삼성라이온즈파크,버스,609.14574,1225,1311,삼덕동1
대구삼성라이온즈파크,지하철,189.33633,238,290,대공원(1)
대구삼성라이온즈파크,버스,595.2609,1233,1319,삼덕동2
대구삼성라이온즈파크,버스,144.92222,208,255,대공원역(1번출구)
대구삼성라이온즈파크,버스,70.43354,13,12,대공원역(5번출구)
대구삼성라이온즈파크,버스,720.89953,1428,1500,경기장네거리1
대구삼성라이온즈파크,버스,696.57581,1317,1335,경기장네거리2
대구삼성라이온즈파크,버스,850.59252,1849,1718,가천동앞
대구삼성라이온즈파크,버스,390.60517,433,417,연호지
대구삼성라이온즈파크,버스,685.99185,570,575,월드컵삼거리
대구삼성라이온즈파크,버스,542.51924,494,516,월드컵삼거리앞
대구삼성라이온즈파크,버스,886.95453,873,952,연호동화훼단지2
대구삼성라이온즈파크,버스,877.98502,820,753,연호동화훼단지1
대구삼성라이온즈파크,버스,907.38514,1250,1351,오성아파트
대구삼성라이온즈파크,버스,910.52836,809,786,고산농협창고건너
대구삼성라이온즈파크,버스,837.29411,1821,1661,가천동건너
대구삼성라이온즈파크,버스,468.00164,948,979,수성알파시티1
대구삼성라이온즈파크,버스,547.12903,1245,1244,수성알파시티2
대구삼성라이온즈파크,버스,455.68493,498,541,연호지건너
대구삼성라이온즈파크,버스,866.35201,2047,2186,육상진흥센터앞
대구삼성라이온즈파크,버스,818.49482,1857,1922,육상진흥센터건너
대구삼성라이온즈파크,버스,750.48593,1524,1612,대흥동건너
대구삼성라이온즈파크,버스,751.27816,1520,1604,대흥동앞
대구삼성라이온즈파크,지하철,101.80552,90,90,대공원(5)
대구삼성라이온즈파크,지하철,148.13915,165,155,대공원(4)
대구삼성라이온즈파크,지하철,201.41914,269,312,대공원(3)
대구삼성라이온즈파크,지하철,238.59338,243,292,대공원(2)
인천SSG랜더스필드,지하철,695.30819,1463,1402,인천터미널(1)
인천SSG랜더스필드,지하철,710.3107,1259,1547,인천터미널(2)
인천SSG랜더스필드,지하철,690.0479,1214,1508,인천터미널(3)
인천SSG랜더스필드,지하철,660.1405,1396,1342,인천터미널(4)
인천SSG랜더스필드,지하철,637.88179,1484,1521,인천터미널(5)
인천SSG랜더스필드,지하철,662.56612,1481,1529,인천터미널(6)
인천SSG랜더스필드,버스,898.83571,1547,1437,문학경기장(박태환수영장)
인천SSG랜더스필드,버스,947.67677,1521,1555,문학경기장(박태환수영장)
인천SSG랜더스필드,버스,903.4507,1481,1442,문학경기장(박태환수영장)
인천SSG랜더스필드,버스,900.83758,1542,1490,문학경기장(박태환수영장)
인천SSG랜더스필드,지하철,941.41625,1532,1496,문학경기장(1)
인천SSG랜더스필드,지하철,931.99568,1502,1561,문학경기장(2)
인천SSG랜더스필드,지하철,593.21582,859,997,문학경기장(2)
인천SSG랜더스필드,지하철,575.54749,862,905,문학경기장(1)
인천SSG랜더스필드,버스,487.37604,877,845,문학경기장(박태환수영장)
인천SSG랜더스필드,버스,498.65535,872,898,문학경기장(박태환수영장)
인천SSG랜더스필드,버스,535.90314,811,850,문학경기장(박태환수영장)
인천SSG랜더스필드,버스,602.88758,878,992,문학경기장(박태환수영장)
인천SSG랜더스필드,버스,487.37604,877,845,문학경기장(박태환수영장)
인천SSG랜더스필드,버스,535.90314,811,850,문학경기장(박태환수영장)
인천SSG랜더스필드,버스,498.65535,872,898,문학경기장(박태환수영장)
인천SSG랜더스필드,지하철,575.54749,862,905,문학경기장(1)
인천SSG랜더스필드,버스,602.88758,878,992,문학경기장(박태환수영장)
인천SSG랜더스필드,지하철,593.21582,859,997,문학경기장(2)
인천SSG랜더스필드,버스,538.22329,910,878,문학경기장(박태환수영장)
인천SSG랜더스필드,버스,655.51012,910,1024,문학경기장(박태환수영장)
인천SSG랜더스필드,지하철,627.89773,894,937,문학경기장(1)
인천SSG랜더스필드,지하철,645.88418,891,1030,문학경기장(2)
인천SSG랜더스필드,버스,549.98333,904,931,문학경기장(박태환수영장)
인천SSG랜더스필드,버스,588.31277,844,883,문학경기장(박태환수영장)
인천SSG랜더스필드,버스,602.88758,878,992,문학경기장(박태환수영장)
인천SSG랜더스필드,버스,487.37604,877,845,문학경기장(박태환수영장)
인천SSG랜더스필드,지하철,575.54749,862,905,문학경기장(1)
인천SSG랜더스필드,지하철,593.21582,859,997,문학경기장(2)
인천SSG랜더스필드,버스,498.65535,872,898,문학경기장(박태환수영장)
인천SSG랜더스필드,버스,535.90314,811,850,문학경기장(박태환수영장)
인천SSG랜더스필드,버스,989.09054,1799,1790,문학경기장(박태환수영장)
인천SSG랜더스필드,버스,970.86907,1794,1800,문학경기장(박태환수영장)
인천SSG랜더스필드,버스,996.95627,1805,1737,문학경기장(박태환수영장)
인천SSG랜더스필드,버스,957.38589,1739,1742,문학경기장(박태환수영장)
인천SSG랜더스필드,지하철,985.91141,1789,1796,문학경기장(1)
인천SSG랜더스필드,지하철,952.86847,1775,1806,문학경기장(2)
인천SSG랜더스필드,버스,535.90314,811,850,문학경기장(박태환수영장)
인천SSG랜더스필드,버스,498.65535,872,898,문학경기장(박태환수영장)
인천SSG랜더스필드,버스,487.37604,877,845,문학경기장(박태환수영장)
인천SSG랜더스필드,버스,602.88758,878,992,문학경기장(박태환수영장)
인천SSG랜더스필드,버스,535.90314,811,850,문학경기장(박태환수영장)
인천SSG랜더스필드,버스,498.65535,872,898,문학경기장(박태환수영장)
인천SSG랜더스필드,지하철,575.54749,862,905,문학경기장(1)
인천SSG랜더스필드,지하철,593.21582,859,997,문학경기장(2)
인천SSG랜더스필드,지하철,593.21582,859,997,문학경기장(2)
인천SSG랜더스필드,버스,602.88758,878,992,문학경기장(박태환수영장)
인천SSG랜더스필드,지하철,575.54749,862,905,문학경기장(1)
인천SSG랜더스필드,버스,487.37604,877,845,문학경기장(박태환수영장)
광주-기아 챔피언스 필드,버스,818.13969,838,856,광주기아챔피언스필드입구
광주-기아 챔피언스 필드,버스,991.36349,972,956,광주기아챔피언스필드
광주-기아 챔피언스 필드,버스,945.10172,963,946,광주기아챔피언스필드
광주-기아 챔피언스 필드,버스,672.60256,1195,1174,광주기아챔피언스필드정문
광주-기아 챔피언스 필드,버스,194.56271,616,594,광주기아챔피언스필드입구
광주-기아 챔피언스 필드,버스,239.65614,539,523,광주기아챔피언스필드
광주-기아 챔피언스 필드,버스,260.23523,539,525,광주기아챔피언스필드
광주-기아 챔피언스 필드,버스,707.50707,1202,1179,광주기아챔피언스필드정문
대전한화생명이글스파크,버스,216.30394,642,590,한밭종합운동장
대전한화생명이글스파크,버스,471.70466,701,694,문창동보문교
대전한화생명이글스파크,버스,545.7595,645,643,보문산진입로
대전한화생명이글스파크,버스,935.25157,1029,1061,보문산공원로
대전한화생명이글스파크,버스,949.28739,1052,1072,보문산공원로
대전한화생명이글스파크,버스,597.90062,696,692,보문산진입로
대전한화생명이글스파크,버스,614.13265,597,644,보문오거리
대전한화생명이글스파크,버스,379.17825,648,609,남대전고등학교
대전한화생명이글스파크,버스,600.15188,584,639,보문오거리
대전한화생명이글스파크,버스,767.73511,737,789,테미고개
대전한화생명이글스파크,버스,813.30669,778,846,테미고개
대전한화생명이글스파크,버스,242.02485,660,666,한밭종합운동장
대전한화생명이글스파크,버스,580.23117,615,645,보문오거리
대전한화생명이글스파크,버스,184.15306,1165,1071,청란여자고등학교
대전한화생명이글스파크,버스,211.18504,1171,1086,청란여자고등학교
대전한화생명이글스파크,버스,974.09229,1681,1781,중앙로역9번출구
대전한화생명이글스파크,버스,949.78185,1652,1596,중앙로역1번출구
대전한화생명이글스파크,버스,945.41974,1814,1802,으능정이거리
대전한화생명이글스파크,버스,957.86218,1751,1801,으능정이거리
대전한화생명이글스파크,버스,932.4726,1723,1660,으능정이거리
대전한화생명이글스파크,버스,403.08753,761,749,오토바이거리
대전한화생명이글스파크,버스,360.33473,717,709,오토바이거리
대전한화생명이글스파크,버스,173.58306,235,226,한화생명이글스파크
대전한화생명이글스파크,버스,276.92886,282,336,한화생명이글스파크
대전한화생명이글스파크,버스,988.86591,1276,1294,대고오거리
대전한화생명이글스파크,버스,461.3389,1030,1008,부사오거리
대전한화생명이글스파크,버스,620.19647,1221,1237,부사오거리
대전한화생명이글스파크,버스,405.54629,1147,1054,부사오거리
대전한화생명이글스파크,버스,607.46417,1224,1185,부사오거리
대전한화생명이글스파크,버스,627.14749,668,696,보문오거리
대전한화생명이글스파크,지하철,963.28432,1615,1562,중앙로(1)
대전한화생명이글스파크,지하철,949.60853,1560,1512,중앙로(2)
대전한화생명이글스파크,지하철,959.57011,1536,1493,중앙로(3)
대전한화생명이글스파크,지하철,991.85049,1585,1533,중앙로(5)
대전한화생명이글스파크,지하철,983.40688,1656,1759,중앙로(9)
대전한화생명이글스파크,버스,320.28661,888,833,남대전고등학교
대전한화생명이글스파크,버스,303.26367,829,771,남대전고등학교
대전한화생명이글스파크,버스,827.86392,1254,1209,대전고등학교
대전한화생명이글스파크,버스,602.15163,1256,1242,대흥동우체국
대전한화생명이글스파크,버스,625.26573,1354,1270,대흥동우체국
대전한화생명이글스파크,버스,530.18366,776,762,문창동보문교
대전한화생명이글스파크,버스,723.70797,842,857,대전중학교
대전한화생명이글스파크,버스,765.29212,880,889,대전중학교
대전한화생명이글스파크,버스,699.94608,1224,1224,대흥네거리
대전한화생명이글스파크,버스,637.41503,1129,1077,대흥네거리
대전한화생명이글스파크,버스,748.0172,1287,1276,대흥동성당
대전한화생명이글스파크,버스,849.63698,1365,1342,대흥동성당
대전한화생명이글스파크,버스,923.82533,1789,1719,으능정이거리
대전한화생명이글스파크,버스,871.45216,1465,1447,문창시장
대전한화생명이글스파크,버스,858.21799,1445,1369,문창시장
대전한화생명이글스파크,버스,620.28062,602,661,보문오거리
수원케이티위즈파크,버스,467.60069,1139,1121,장안문.느림보타운
수원케이티위즈파크,버스,386.18266,969,985,장안구청
수원케이티위즈파크,버스,359.12599,915,925,장안구청
수원케이티위즈파크,버스,667.16024,1589,1602,장안공원
수원케이티위즈파크,버스,479.25101,591,566,월계사거리
수원케이티위즈파크,버스,916.61742,2074,2016,화서문로터리
수원케이티위즈파크,버스,926.323,2114,2076,화서문로터리
수원케이티위즈파크,버스,466.92092,499,479,월계사거리
수원케이티위즈파크,버스,878.85977,1218,1149,교육청사거리
수원케이티위즈파크,버스,848.69908,1223,1153,KB손해보험인재니움
수원케이티위즈파크,버스,695.27712,1449,1349,장안문
수원케이티위즈파크,버스,724.13389,1431,1333,장안문
수원케이티위즈파크,버스,870.69481,1737,1775,수원전통문화관.장안동
수원케이티위즈파크,버스,874.08825,1693,1559,장안문.수원전통문화관
수원케이티위즈파크,버스,456.26853,1109,1166,조원2동주민센터
수원케이티위즈파크,버스,852.48963,1416,1345,상공회의소
수원케이티위즈파크,버스,751.80301,1313,1254,상공회의소.수성고교
수원케이티위즈파크,버스,385.80359,968,965,수성중사거리
수원케이티위즈파크,버스,377.39897,954,952,수성중사거리
수원케이티위즈파크,버스,422.84166,564,644,영화초등학교.한국건강관리협회
수원케이티위즈파크,버스,436.24324,582,590,영화초등학교.한국건강관리협회
수원케이티위즈파크,버스,102.4577,403,398,수원KT위즈파크.수원종합운동장
수원케이티위즈파크,버스,253.8562,700,728,수원KT위즈파크.수원종합운동장
수원케이티위즈파크,버스,355.40257,759,728,수성중학교
수원케이티위즈파크,버스,334.7532,742,713,수성중학교
수원케이티위즈파크,버스,983.1735,1127,1161,벽산아파트
수원케이티위즈파크,버스,547.05477,939,973,조원시장
수원케이티위즈파크,버스,535.06943,927,962,조원시장
수원케이티위즈파크,버스,433.00236,937,958,조원1동
수원케이티위즈파크,버스,423.05353,945,966,조원동
수원케이티위즈파크,버스,442.42145,1064,1065,한일타운
수원케이티위즈파크,버스,871.73275,1470,1514,조원뉴타운
수원케이티위즈파크,버스,374.06045,646,684,로얄팰리스
수원케이티위즈파크,버스,352.52495,599,641,로얄팰리스
수원케이티위즈파크,버스,823.49059,912,908,송원중학교.수원서부교회
수원케이티위즈파크,버스,932.21452,1004,1043,송원중학교.수원서부교회
수원케이티위즈파크,버스,827.11001,1970,1942,화서문.장안공원
수원케이티위즈파크,버스,792.50346,1897,1857,한국은행
수원케이티위즈파크,버스,887.48202,1041,1072,영화공원
수원케이티위즈파크,버스,642.34015,1358,1370,조원고등학교
수원케이티위즈파크,버스,661.55622,1399,1475,조원고등학교
수원케이티위즈파크,버스,446.34622,1128,1173,동성아울렛
수원케이티위즈파크,버스,732.27963,848,916,조원시장입구
수원케이티위즈파크,버스,681.92171,852,917,조원시장입구
수원케이티위즈파크,버스,370.68764,981,982,KT수원지사.국민연금북수원지사
수원케이티위즈파크,버스,659.61143,1014,1015,한일타운.경기일보.홈플러스
수원케이티위즈파크,버스,436.35628,733,694,장안지하차도.수원KT위즈파크
수원케이티위즈파크,버스,825.07387,1108,1041,경기일보.한일타운
수원케이티위즈파크,버스,321.78811,505,557,수원종합운동장.로얄팰리스.아너스빌위즈
수원케이티위즈파크,버스,354.28408,958,964,KT수원지사.국민연금북수원지사
수원케이티위즈파크,버스,567.78658,1280,1255,장안문
수원케이티위즈파크,버스,784.6934,1866,1852,수일여중
수원케이티위즈파크,버스,661.78539,1535,1550,장안공원
수원케이티위즈파크,버스,646.97746,1510,1520,장안공원
수원케이티위즈파크,버스,338.96477,502,474,수원KT위즈파크
수원케이티위즈파크,버스,439.82818,526,507,수원KT위즈파크.행정동우회관
수원케이티위즈파크,버스,304.80723,443,441,수원종합운동장.수원시체육회관.아너스빌위즈
수원케이티위즈파크,버스,634.83698,1597,1654,송원초등학교.유당마을
수원케이티위즈파크,버스,755.14059,1897,1892,수일여중
수원케이티위즈파크,버스,645.51347,1578,1608,한일타운후문.교통연수원
수원케이티위즈파크,버스,780.57804,1362,1401,조원주공아파트
창원NC파크,버스,797.91381,1181,1162,석전동육교(서마산교회방면)
창원NC파크,버스,950.68786,2042,2064,마산역종점
창원NC파크,버스,976.14598,1865,1862,도원예시장
창원NC파크,버스,755.29893,905,873,메트로시티2단지
창원NC파크,버스,779.81018,963,925,메트로시티2단지(건너편)
창원NC파크,버스,237.87898,424,427,문화방송(한일메트로시티)
창원NC파크,버스,436.41176,760,714,3.15아트센타
창원NC파크,버스,833.51863,1696,1694,역전치안센터
창원NC파크,버스,592.30906,691,680,야구장앞홈플러스(맞은편)
창원NC파크,버스,810.97154,1335,1394,한일타운
창원NC파크,버스,446.60818,490,454,야구장.마산회원구청(맞은편)
창원NC파크,버스,297.98976,626,641,3.15아트센타(맞은편)
창원NC파크,버스,871.24601,1430,1478,타워맨션
창원NC파크,버스,785.93978,1624,1579,용마고등학교
창원NC파크,버스,285.72176,567,541,동마산주유소
창원NC파크,버스,704.20993,1162,1094,석전동(마산태봉병원맞은편)
창원NC파크,버스,908.54867,1176,1176,한일로타리
창원NC파크,버스,794.50444,1662,1595,용마고등학교(건너편)
창원NC파크,버스,337.74431,716,753,여성회관
창원NC파크,버스,651.31298,766,748,야구장앞홈플러스
창원NC파크,버스,867.03166,1092,1101,고속버스터미널
창원NC파크,버스,805.10266,1506,1542,육호광장(상남동성당)
창원NC파크,버스,653.90872,871,960,무학여고(앞)
창원NC파크,버스,868.43331,975,887,신세계백화점(맞은편)
창원NC파크,버스,564.95137,761,835,회원1동
창원NC파크,버스,950.34331,1458,1321,산호동(하나마트)
창원NC파크,버스,567.18652,906,959,육호주유소
창원NC파크,버스,965.97367,1588,1499,합포동(생명교회앞)
창원NC파크,버스,757.95133,1274,1279,육호광장(상남초등학교)
창원NC파크,버스,958.19181,2026,1893,자유무역지역정문
창원NC파크,버스,986.79359,2006,1905,오동교
창원NC파크,버스,935.02998,1956,1830,자유무역지역정문(맞은편)
창원NC파크,버스,921.51905,1931,1931,마산역
창원NC파크,버스,810.80812,1716,1670,마산역.365병원
창원NC파크,버스,809.61466,1705,1722,마산역(동마산병원앞)
창원NC파크,버스,702.89115,1329,1304,마산우체국
창원NC파크,버스,672.70514,1309,1300,경남은행본점
창원NC파크,버스,916.73741,1253,1238,석전동육교
창원NC파크,버스,978.77458,1615,1727,석전사거리(신우빌리지맞은편)
창원NC파크,버스,941.9635,1352,1468,석전사거리(신우빌리지앞)
창원NC파크,버스,942.06232,1195,1334,국제주유소(건너편)
창원NC파크,버스,984.38603,1264,1398,국제주유소
창원NC파크,버스,983.6192,1230,1367,동중입구(천지리치빌앞)
창원NC파크,버스,959.33451,1508,1568,원불교교구청(삼성생명방면)
창원NC파크,버스,927.46524,1459,1519,원불교교구청(노비산입구방면)
창원NC파크,버스,985.33671,1715,1729,삼성생명(맞은편)
창원NC파크,버스,986.3524,1720,1726,삼성생명
창원NC파크,버스,784.40447,1502,1476,육호광장
창원NC파크,버스,202.72095,457,428,문화방송
창원NC파크,버스,993.37089,1824,1711,구)가야백화점(건너편)
창원NC파크,버스,345.19493,722,764,여성회관(맞은편안마사협회)
창원NC파크,버스,280.77842,502,481,동마산주유소(맞은편)
창원NC파크,버스,457.74787,490,455,야구장.마산회원구청
창원NC파크,버스,977.03344,1389,1443,양덕1동주민센타
창원NC파크,버스,941.6455,1582,1433,합포동
창원NC파크,버스,708.61942,1172,1251,육호광장(상남성결교회)
창원NC파크,버스,922.81205,1420,1287,산호동(용마산주유소)
창원NC파크,버스,614.94378,1020,1120,육호주유소(건너편)
창원NC파크,버스,851.17977,976,887,신세계백화점
창원NC파크,버스,609.15023,849,984,회원1동(주민센터)
창원NC파크,버스,836.78867,1002,960,고속버스터미널
창원NC파크,버스,681.53034,884,1025,무학여고(맞은편)
창원NC파크,버스,883.24896,1298,1292,한일로타리
창원NC파크,버스,782.80169,1302,1286,석전동(마산태봉병원앞)
창원NC파크,버스,801.92623,1165,1115,타워맨션
창원NC파크,버스,783.80958,1330,1332,한일타운
창원NC파크,버스,810.11471,1643,1583,역전치안센터
창원NC파크,버스,953.64991,2021,2047,마산역종점
고척스카이돔,버스,726.08453,1469,1459,세양청마루아파트
고척스카이돔,버스,948.29881,1050,1021,구일고교.구일초등학교
고척스카이돔,버스,919.58846,1027,1060,구일초등학교.구일고등학교
고척스카이돔,버스,778.89392,1112,1046,개봉역.영화아파트
고척스카이돔,버스,548.6679,835,793,개봉역.한마을아파트
고척스카이돔,버스,129.19688,528,496,동양미래대학.구로성심병원
고척스카이돔,버스,36.41161,553,533,동양미래대학.구로성심병원
고척스카이돔,버스,804.40509,1048,1058,구일역.제일제당.롯데마트
고척스카이돔,버스,867.99441,1051,1061,구일역.중앙유통상가.롯데마트
고척스카이돔,버스,963.76342,1142,1160,구로1동우체국
고척스카이돔,버스,249.93837,782,811,유풍약국
고척스카이돔,버스,367.69837,896,900,고척중학교
고척스카이돔,버스,703.42007,1045,1071,고척공구상가
고척스카이돔,버스,698.85431,1038,1065,공구상가
고척스카이돔,버스,742.23561,1185,1202,서울가든아파트
고척스카이돔,버스,758.37153,1192,1209,서울가든아파트
고척스카이돔,버스,501.77769,1039,1088,고척중학교
고척스카이돔,버스,537.59125,845,895,123전자타운.2001아울렛
고척스카이돔,버스,645.54735,1250,1302,고척시장
고척스카이돔,버스,568.91506,877,924,123전자타운.2001아울렛
고척스카이돔,버스,536.03682,1017,1061,고척1동주민센터.한효아파트
고척스카이돔,버스,564.06389,1033,1076,고척1동주민센터.한효아파트
고척스카이돔,버스,787.29033,747,808,GS25.한신아파트
고척스카이돔,버스,856.3966,773,772,현대상선.구일중학교
고척스카이돔,버스,885.22873,896,942,하이츠.영화.우방.한국현대
고척스카이돔,버스,798.54069,752,812,GS25.한신아파트
고척스카이돔,버스,616.0056,568,587,1호선구일역
고척스카이돔,버스,864.81777,1722,1696,현대2차APT
고척스카이돔,버스,862.32175,1634,1618,현대IPARK정문
고척스카이돔,버스,960.75063,1290,1205,개봉역
고척스카이돔,버스,910.07431,1338,1343,새마을금고사거리
고척스카이돔,버스,712.85191,1744,1724,목동우성아파트
고척스카이돔,버스,963.07929,1314,1227,개봉역
고척스카이돔,버스,595.5836,1203,1201,고척시장
고척스카이돔,버스,552.0037,1180,1213,마젤란아파트.예일학원앞
고척스카이돔,버스,661.8817,1361,1370,경남1차.중앙하이츠아파트
고척스카이돔,버스,311.65536,832,856,청구아파트.동아한신아파트
고척스카이돔,버스,114.29377,658,699,동양미래대학.성심병원
고척스카이돔,버스,349.29615,883,902,한일한의원
고척스카이돔,버스,417.85848,967,981,경서농협앞
고척스카이돔,버스,476.17474,1062,1083,우성꿈동산.산업인아파트
고척스카이돔,버스,842.23563,1574,1532,리가아파트
고척스카이돔,버스,756.78823,1421,1394,센추리아파트
고척스카이돔,버스,976.56735,1693,1700,고척사거리.고척파크프리지오
고척스카이돔,버스,964.87882,1277,1194,개봉역
고척스카이돔,버스,951.27281,1395,1396,새마을금고사거리
고척스카이돔,버스,427.96827,967,964,청구아파트후문
고척스카이돔,지하철,469.34903,390,427,구일(1)
고척스카이돔,지하철,230.93011,18,24,구일(2)
고척스카이돔,지하철,979.79295,1384,1393,개봉(1)
고척스카이돔,지하철,969.72459,1322,1236,개봉(2)
고척스카이돔,버스,620.54794,596,612,1호선구일역
고척스카이돔,버스,722.64701,683,690,구로우성APT
고척스카이돔,버스,991.36481,1474,1488,개봉역.림괄아파트
고척스카이돔,버스,988.01458,1718,1722,덕의초등학교
고척스카이돔,버스,947.54361,1421,1427,고척초등학교
고척스카이돔,버스,997.31235,1732,1734,고척파크푸르지오아파트
고척스카이돔,버스,654.09941,1283,1283,고척시장
김천시 종합운동장,버스,402.93433,491,458,문산
김천시 종합운동장,버스,954.7439,1812,1670,김천대학교
김천시 종합운동장,버스,978.81032,1820,1618,김천대학교
김천시 종합운동장,버스,853.60684,1187,1094,법원.검찰청
김천시 종합운동장,버스,657.78643,1271,1211,당곡마을
김천시 종합운동장,버스,851.9171,1178,1066,대신동민원중계소
김천시 종합운동장,버스,551.35251,1320,1218,경북보건대학
김천시 종합운동장,버스,516.11909,1682,1550,중앙중학교
김천시 종합운동장,버스,514.19382,1111,975,종합운동장
김천시 종합운동장,버스,651.9833,1230,1140,북부파출소
김천시 종합운동장,버스,920.35208,1544,1482,교동
김천시 종합운동장,버스,488.41027,912,814,법문화교육센터
김천시 종합운동장,버스,930.0147,1277,1178,법원.검찰청
김천시 종합운동장,버스,458.3273,905,806,문당교회
김천시 종합운동장,버스,567.54848,1347,1185,경북보건대학
김천시 종합운동장,버스,917.45756,1519,1401,한일여자중고등학교
김천시 종합운동장,버스,858.47786,1198,1084,대신동민원중계소
김천시 종합운동장,버스,683.21529,1278,1145,금릉초등학교
김천시 종합운동장,버스,662.47435,1261,1127,금릉초등학교
김천시 종합운동장,버스,675.29324,1277,1240,북부파출소
김천시 종합운동장,버스,163.83775,237,220,배천
김천시 종합운동장,버스,930.0147,1277,1178,법원.검찰청
김천시 종합운동장,버스,458.3273,905,806,문당교회
김천시 종합운동장,버스,514.19382,1111,975,종합운동장
김천시 종합운동장,버스,954.7439,1812,1670,김천대학교
김천시 종합운동장,버스,978.81032,1820,1618,김천대학교
김천시 종합운동장,버스,853.60684,1187,1094,법원.검찰청
김천시 종합운동장,버스,402.93433,491,458,문산
김천시 종합운동장,버스,163.83775,237,220,배천
김천시 종합운동장,버스,675.29324,1277,1240,북부파출소
김천시 종합운동장,버스,662.47435,1261,1127,금릉초등학교
김천시 종합운동장,버스,683.21529,1278,1145,금릉초등학교
김천시 종합운동장,버스,858.47786,1198,1084,대신동민원중계소
김천시 종합운동장,버스,851.9171,1178,1066,대신동민원중계소
김천시 종합운동장,버스,657.78643,1271,1211,당곡마을
김천시 종합운동장,버스,917.45756,1519,1401,한일여자중고등학교
김천시 종합운동장,버스,567.54848,1347,1185,경북보건대학
김천시 종합운동장,버스,516.11909,1682,1550,중앙중학교
김천시 종합운동장,버스,551.35251,1320,1218,경북보건대학
김천시 종합운동장,버스,651.9833,1230,1140,북부파출소
김천시 종합운동장,버스,920.35208,1544,1482,교동
김천시 종합운동장,버스,488.41027,912,814,법문화교육센터
DGB대구은행파크,버스,970.99747,1452,1437,북침산치안센터앞
DGB대구은행파크,버스,664.9909,1499,1477,침산초등학교앞
DGB대구은행파크,버스,640.28014,1384,1311,침산초등학교건너
DGB대구은행파크,버스,786.22927,1537,1508,침산초등학교후문
DGB대구은행파크,버스,656.5964,1339,1330,북구보건소앞
DGB대구은행파크,버스,666.23345,1405,1390,북구보건소건너
DGB대구은행파크,버스,515.28427,1324,1387,침산중학교앞
DGB대구은행파크,버스,502.29864,1174,1189,침산중학교건너
DGB대구은행파크,버스,661.70185,1096,1059,북대구세무서앞
DGB대구은행파크,버스,719.60576,1237,1246,북대구세무서건너
DGB대구은행파크,버스,843.88872,959,936,북구청네거리1
DGB대구은행파크,버스,826.76915,962,999,북구청네거리2
DGB대구은행파크,버스,679.31959,927,969,북부경찰서건너
DGB대구은행파크,버스,166.88329,411,445,대구은행제2본점앞
DGB대구은행파크,버스,154.78896,323,306,대구도시공사앞
DGB대구은행파크,버스,443.87967,614,631,북구청앞
DGB대구은행파크,버스,717.15685,847,837,북구청역(3번출구)
DGB대구은행파크,버스,665.62251,745,685,북구청역(4번출구)
DGB대구은행파크,버스,255.71939,354,409,DGB대구은행파크동편건너
DGB대구은행파크,버스,204.32436,359,361,DGB대구은행파크동편앞
DGB대구은행파크,버스,243.21884,405,446,고성지구대1
DGB대구은행파크,버스,118.5454,200,198,DGB대구은행파크남편건너
DGB대구은행파크,버스,105.33738,167,168,DGB대구은행파크남편앞
DGB대구은행파크,버스,761.07864,856,781,고성아파트(서편)
DGB대구은행파크,버스,422.56217,636,658,오페라삼정그린코아APT
DGB대구은행파크,버스,359.39827,548,579,이마트칠성점앞
DGB대구은행파크,버스,880.66117,1694,1719,침산쌍용예가아파트앞
DGB대구은행파크,지하철,669.89354,740,681,북구청(4)
DGB대구은행파크,지하철,704.6618,896,879,북구청(3)
DGB대구은행파크,지하철,696.02598,817,878,북구청(2)
DGB대구은행파크,지하철,660.44982,791,726,북구청(1)
DGB대구은행파크,버스,942.84777,1163,1138,홈플러스대구점앞
DGB대구은행파크,버스,655.50054,1154,1236,명성푸르지오앞
DGB대구은행파크,버스,676.10781,1194,1270,명성푸르지오건너
DGB대구은행파크,버스,720.37658,1397,1451,침산3동행정복지센터
DGB대구은행파크,버스,863.64978,1628,1725,침산화성파크드림건너
DGB대구은행파크,버스,830.5433,1571,1612,침산화성파크드림앞
DGB대구은행파크,버스,918.28029,1754,1833,무림제지건너
DGB대구은행파크,버스,762.10358,1182,1263,침산네거리2
DGB대구은행파크,버스,873.82507,958,1012,대구삼성창조캠퍼스1
DGB대구은행파크,버스,543.864,685,713,칠성우방타운
DGB대구은행파크,버스,609.02027,652,598,KT북대구지사건너
DGB대구은행파크,버스,505.09853,548,507,KT북대구지사앞
DGB대구은행파크,버스,210.7327,394,376,고성지구대2
DGB대구은행파크,버스,579.12577,688,710,오페라하우스건너
DGB대구은행파크,버스,626.26519,759,773,오페라하우스앞
DGB대구은행파크,버스,995.59242,1906,1842,무림제지앞2
DGB대구은행파크,버스,509.85066,679,628,북구청건너
DGB대구은행파크,버스,744.65999,1124,1151,침산네거리1
DGB대구은행파크,버스,933.91951,1110,1157,대구역북편네거리1
DGB대구은행파크,버스,886.08062,1080,1058,대구역북편네거리2
DGB대구은행파크,버스,661.59065,836,841,대구소방본부건너
DGB대구은행파크,버스,825.83722,997,987,대구소방본부앞
DGB대구은행파크,버스,344.93881,572,602,칠성휴먼시아건너
DGB대구은행파크,버스,323.08911,536,570,칠성휴먼시아앞
DGB대구은행파크,버스,257.87421,449,423,시민교회건너
DGB대구은행파크,버스,195.76666,368,350,시민교회앞
DGB대구은행파크,버스,631.13665,725,667,고성아파트앞
DGB대구은행파크,버스,612.22259,722,664,고성아파트건너
제주월드컵경기장,버스,402.29023,915,1043,서귀포시중앙도서관
제주월드컵경기장,버스,872.01632,1664,1612,서건도
제주월드컵경기장,버스,843.3627,1646,1656,서건도
제주월드컵경기장,버스,192.05713,553,575,제주월드컵경기장(600번)
제주월드컵경기장,버스,252.45357,556,576,서귀포버스터미널(가상정류소)
제주월드컵경기장,버스,251.71825,537,557,제주월드컵경기장
제주월드컵경기장,버스,548.77945,889,882,선반로입구
제주월드컵경기장,버스,571.7383,912,903,선반로입구
제주월드컵경기장,버스,873.76765,1515,1688,국세공무원 교육원 국토교통부 인재개발원
제주월드컵경기장,버스,749.18166,1594,1800,대신중학교
제주월드컵경기장,버스,900.86136,1437,1555,중흥/골드클래스아파트
제주월드컵경기장,버스,676.72501,1222,1327,유승한내들아파트
제주월드컵경기장,버스,274.28814,321,423,제주월드컵경기장 서문
제주월드컵경기장,버스,356.56087,455,528,제주월드컵경기장 서문
제주월드컵경기장,버스,264.12896,464,546,제주월드컵경기장
제주월드컵경기장,버스,603.08018,1131,1222,유승한내들아파트
제주월드컵경기장,버스,830.23595,1439,1553,중흥/골드클래스아파트
제주월드컵경기장,버스,818.38974,1694,1895,대신중학교
제주월드컵경기장,버스,505.58721,887,1014,대림아파트
제주월드컵경기장,버스,413.82045,932,1059,서귀포시 중앙도서관
제주월드컵경기장,버스,611.85279,843,818,고래왓
제주월드컵경기장,버스,662.29422,1650,1620,법환농협
제주월드컵경기장,버스,960.1624,1772,1711,서건도입구
제주월드컵경기장,버스,968.37292,1779,1719,서건도입구
제주월드컵경기장,버스,249.78015,497,528,대륜동주민센터
제주월드컵경기장,버스,356.02154,685,752,고래왓
제주월드컵경기장,버스,722.92661,1710,1667,법환새마을금고
제주월드컵경기장,버스,746.90919,984,999,광대왓
제주월드컵경기장,버스,700.80846,1546,1820,서귀포경찰서
제주월드컵경기장,버스,872.4909,1828,1696,공물
제주월드컵경기장,버스,868.04114,1858,1727,공물
제주월드컵경기장,버스,750.65736,1652,1621,신세계빌라
제주월드컵경기장,버스,773.50909,1666,1639,신세계빌라
제주월드컵경기장,버스,736.55841,1727,1683,법환새마을금고
제주월드컵경기장,버스,592.00452,1317,1598,서귀포우체국 서귀포시청 제2청사
제주월드컵경기장,버스,588.08835,1304,1521,서귀포우체국 서귀포시청 제2청사
제주월드컵경기장,버스,678.02726,1502,1775,서귀포경찰서
제주월드컵경기장,버스,676.66745,1239,1462,새서귀초등학교
제주월드컵경기장,버스,660.97716,1214,1426,새서귀초등학교
제주월드컵경기장,버스,212.50882,573,602,서귀포버스터미널
제주월드컵경기장,버스,886.9274,1487,1679,국세공무원 교육원 국토교통부 인재개발원
제주월드컵경기장,버스,330.22896,684,760,서귀포버스터미널(가상정류소)
제주월드컵경기장,버스,208.68583,589,672,제주월드컵경기장(600번)
제주월드컵경기장,버스,557.69695,1044,1258,한국통신
제주월드컵경기장,버스,502.50364,983,1179,한국통신
제주월드컵경기장,버스,413.85249,729,797,신시가지
제주월드컵경기장,버스,561.4006,898,1014,성산하이츠빌라
제주월드컵경기장,버스,835.50267,1141,1232,반참모르
제주월드컵경기장,버스,828.58506,1108,1134,반참모르
제주월드컵경기장,버스,936.14803,1905,2348,신시가지
제주월드컵경기장,버스,942.9625,1958,2394,신시가지
제주월드컵경기장,버스,855.63015,1705,2085,신시가지
제주월드컵경기장,버스,807.09567,1638,1993,신시가지
제주월드컵경기장,버스,721.52983,1443,1746,시청후문
제주월드컵경기장,버스,682.40497,1357,1639,시청후문
제주월드컵경기장,버스,294.50794,633,737,삼주연립주택
제주월드컵경기장,버스,248.33856,614,698,동남아파트
제주월드컵경기장,버스,195.83878,564,585,제주월드컵경기장 서귀포버스터미널
제주월드컵경기장,버스,227.58683,651,728,제주월드컵경기장 서귀포버스터미널
제주월드컵경기장,버스,510.10174,997,1078,대림한숲빌라
제주월드컵경기장,버스,596.39654,1299,1460,국민건강보험공단
제주월드컵경기장,버스,620.79677,1336,1499,국민건강보험공단
제주월드컵경기장,버스,654.64106,1605,1604,법환초등학교
제주월드컵경기장,버스,629.48779,1685,1623,법환초등학교
제주월드컵경기장,버스,649.39134,1704,1660,뒷동산
제주월드컵경기장,버스,671.76691,1652,1622,법환농협
문수축구경기장,버스,804.9046,1409,1579,쇠정사거리
문수축구경기장,버스,370.91128,809,988,문수중학교
문수축구경기장,버스,818.18794,1219,1468,협성현대럭키아파트
문수축구경기장,버스,839.27563,1193,1282,벽산아파트
문수축구경기장,버스,827.97359,1072,1175,우신고등학교
문수축구경기장,버스,812.91059,977,1086,정골오거리
문수축구경기장,버스,363.79958,909,1073,문수중학교
문수축구경기장,버스,331.62255,847,1028,옥현주공3단지
문수축구경기장,버스,725.68959,1289,1472,옥현주공1단지
문수축구경기장,버스,294.66388,704,712,문수수영장
문수축구경기장,버스,278.64938,643,653,문수수영장
문수축구경기장,버스,507.55119,658,713,울산야구장
문수축구경기장,버스,600.74817,757,804,울산야구장
문수축구경기장,버스,296.01658,940,1116,옥현주공3단지
문수축구경기장,버스,432.60283,797,962,옥현중학교
문수축구경기장,버스,642.88183,705,754,무거실버복지관
문수축구경기장,버스,866.71533,1371,1472,옥현주공아파트앞
문수축구경기장,버스,860.01919,1332,1510,옥현주공아파트앞
문수축구경기장,버스,686.31274,1251,1299,성광여고앞
문수축구경기장,버스,749.70241,1238,1326,성광여고앞
문수축구경기장,버스,829.40008,1476,1644,울산대학교후문
문수축구경기장,버스,605.54771,813,905,문수경기장입구
문수축구경기장,버스,777.51487,1432,1674,울산대학교후문
문수축구경기장,버스,515.76265,1196,1469,울산대학교앞
문수축구경기장,버스,580.33008,1198,1408,울산대학교앞
문수축구경기장,버스,545.66097,976,1129,옥현주공2단지
문수축구경기장,버스,716.26712,1270,1496,코아아파트
문수축구경기장,버스,848.01043,1468,1632,쇠정사거리
문수축구경기장,버스,900.44836,1797,2041,무거시장
문수축구경기장,버스,540.62866,924,1003,우신고등학교입구
문수축구경기장,버스,550.34593,984,1138,옥현주공2단지앞
문수축구경기장,버스,565.68612,1025,1245,옥현주공2단지앞
문수축구경기장,버스,899.60902,1002,1124,문수실버복지관
문수축구경기장,버스,420.91383,969,1192,울산과학대학앞
문수축구경기장,버스,387.59672,943,1164,울산과학대학앞
문수축구경기장,버스,422.05438,797,1028,옥현중학교
문수축구경기장,버스,997.20448,1721,1922,신복로타리
문수축구경기장,버스,138.01371,148,204,문수경기장
문수축구경기장,버스,187.44344,345,565,문수경기장
문수축구경기장,버스,453.14299,1093,1310,울산과학대
문수축구경기장,버스,634.52986,1230,1460,과학대후문
문수축구경기장,버스,698.33455,1252,1438,옥현주공1단지
문수축구경기장,버스,996.56819,1982,2260,서울산새마을금고
문수축구경기장,버스,905.36558,1782,2021,무거시장
문수축구경기장,버스,493.6574,818,1022,우신고등학교입구
문수축구경기장,버스,456.16005,1015,1168,옥현중학교
문수축구경기장,버스,804.96512,1036,1254,정골오거리
문수축구경기장,버스,370.54011,1127,1279,문수중학교
문수축구경기장,버스,353.22804,1065,1234,옥현주공3단지
문수축구경기장,버스,748.60839,1507,1677,옥현주공1단지
문수축구경기장,버스,283.69158,577,567,문수수영장
문수축구경기장,버스,268.02388,559,548,문수수영장
문수축구경기장,버스,510.64737,684,678,울산야구장
문수축구경기장,버스,210.35466,563,771,문수경기장
문수축구경기장,버스,155.12602,366,410,문수경기장
문수축구경기장,버스,445.40171,1015,1234,옥현중학교
문수축구경기장,버스,396.30993,1161,1370,울산과학대학앞
문수축구경기장,버스,428.24925,1316,1448,울산과학대학앞
문수축구경기장,버스,886.84225,1061,1292,문수실버복지관
문수축구경기장,버스,588.98926,1243,1451,옥현주공2단지앞
문수축구경기장,버스,573.85072,1202,1344,옥현주공2단지앞
문수축구경기장,버스,534.59389,984,1171,우신고등학교입구
문수축구경기장,버스,606.2568,783,769,울산야구장
문수축구경기장,버스,313.60561,1158,1322,옥현주공3단지
문수축구경기장,버스,821.63482,1131,1343,우신고등학교
문수축구경기장,버스,630.91595,765,922,무거실버복지관
문수축구경기장,버스,890.36322,1589,1678,옥현주공아파트앞
문수축구경기장,버스,883.47978,1550,1716,옥현주공아파트앞
문수축구경기장,버스,708.56988,1469,1504,성광여고앞
문수축구경기장,버스,771.24081,1456,1532,성광여고앞
문수축구경기장,버스,852.49675,1694,1850,울산대학교후문
문수축구경기장,버스,800.08169,1651,1879,울산대학교후문
문수축구경기장,버스,535.81912,1414,1675,울산대학교앞
문수축구경기장,버스,602.10307,1416,1614,울산대학교앞
문수축구경기장,버스,488.07965,995,1180,우신고등학교입구
문수축구경기장,버스,596.63487,873,1073,문수경기장입구
문수축구경기장,버스,721.49266,1470,1644,옥현주공1단지
문수축구경기장,버스,638.51057,1577,1716,과학대후문
문수축구경기장,버스,462.36906,1440,1566,울산과학대
문수축구경기장,버스,920.72164,2015,2247,무거시장
문수축구경기장,버스,871.26177,1686,1838,쇠정사거리
문수축구경기장,버스,569.17526,1194,1335,옥현주공2단지
문수축구경기장,버스,718.81704,1618,1753,코아아파트
문수축구경기장,버스,925.83441,2000,2227,무거시장
문수축구경기장,버스,828.2048,1627,1785,쇠정사거리
문수축구경기장,버스,374.61506,1027,1194,문수중학교
문수축구경기장,버스,816.97499,1409,1588,협성현대럭키아파트
문수축구경기장,버스,835.06193,1252,1450,벽산아파트
수원종합운동장,버스,791.89551,1281,1193,장안문
수원종합운동장,버스,953.57711,1612,1706,수원전통문화관.장안동
수원종합운동장,버스,959.22339,1618,1657,장안문.수원전통문화관
수원종합운동장,버스,459.13944,1017,1075,조원2동주민센터
수원종합운동장,버스,784.69965,1312,1242,상공회의소
수원종합운동장,버스,687.22531,1209,1152,상공회의소.수성고교
수원종합운동장,버스,386.34748,864,862,수성중사거리
수원종합운동장,버스,373.36361,850,849,수성중사거리
수원종합운동장,버스,534.34432,668,749,영화초등학교.한국건강관리협회
수원종합운동장,버스,547.94984,686,696,영화초등학교.한국건강관리협회
수원종합운동장,버스,164.99727,311,308,수원KT위즈파크.수원종합운동장
수원종합운동장,버스,186.7922,608,638,수원KT위즈파크.수원종합운동장
수원종합운동장,버스,453.53362,746,708,수성중학교
수원종합운동장,버스,432.27289,730,693,수성중학교
수원종합운동장,버스,639.32781,824,852,조원시장
수원종합운동장,버스,627.41491,812,841,조원시장
수원종합운동장,버스,501.17462,845,868,조원1동
수원종합운동장,버스,491.43499,853,875,조원동
수원종합운동장,버스,452.57825,972,974,한일타운
수원종합운동장,버스,951.0908,1378,1424,조원뉴타운
수원종합운동장,버스,997.23267,1241,1171,정자사거리.수성고등학교
수원종합운동장,버스,970.16158,1418,1335,정자사거리
수원종합운동장,버스,304.63938,542,582,로얄팰리스
수원종합운동장,버스,283.60068,495,539,로얄팰리스
수원종합운동장,버스,724.40728,809,805,송원중학교.수원서부교회
수원종합운동장,버스,832.32053,900,941,송원중학교.수원서부교회
수원종합운동장,버스,833.27825,1845,1874,화서문.장안공원
수원종합운동장,버스,801.78889,1771,1789,한국은행
수원종합운동장,버스,998.10427,1145,1178,영화공원
수원종합운동장,버스,681.42706,1266,1280,조원고등학교
수원종합운동장,버스,702.37527,1307,1385,조원고등학교
수원종합운동장,버스,507.71038,1002,989,동성아울렛
수원종합운동장,버스,537.65356,1014,1053,장안문.느림보타운
수원종합운동장,버스,835.85228,951,1021,조원시장입구
수원종합운동장,버스,784.256,956,1023,조원시장입구
수원종합운동장,버스,416.62773,877,880,KT수원지사.국민연금북수원지사
수원종합운동장,버스,553.91699,922,925,한일타운.경기일보.홈플러스
수원종합운동장,버스,334.66017,641,603,장안지하차도.수원KT위즈파크
수원종합운동장,버스,716.53536,1017,951,경기일보.한일타운
수원종합운동장,버스,248.82439,401,454,수원종합운동장.로얄팰리스.아너스빌위즈
수원종합운동장,버스,406.29903,833,896,KT수원지사.국민연금북수원지사
수원종합운동장,버스,645.67075,1155,1186,장안문
수원종합운동장,버스,695.01218,1774,1761,수일여중
수원종합운동장,버스,995.98411,2099,2147,화서문로터리
수원종합운동장,버스,729.51612,1410,1482,장안공원
수원종합운동장,버스,712.64483,1385,1452,장안공원
수원종합운동장,버스,231.75343,410,384,수원KT위즈파크
수원종합운동장,버스,328.24439,434,417,수원KT위즈파크.행정동우회관
수원종합운동장,버스,225.76665,339,338,수원종합운동장.수원시체육회관.아너스빌위즈
수원종합운동장,버스,613.27894,1505,1563,송원초등학교.유당마을
수원종합운동장,버스,665.96092,1805,1801,수일여중
수원종합운동장,버스,605.82306,1486,1518,한일타운후문.교통연수원
수원종합운동장,버스,857.2754,1270,1311,조원주공아파트
수원종합운동장,버스,363.52916,877,895,장안구청
수원종합운동장,버스,343.66143,823,835,장안구청
수원종합운동장,버스,903.07533,1196,1111,경기일보.한일타운
수원종합운동장,버스,727.2387,1464,1533,장안공원
수원종합운동장,버스,368.77717,499,476,월계사거리
수원종합운동장,버스,905.96332,1949,1948,화서문로터리
수원종합운동장,버스,917.03369,1989,2008,화서문로터리
수원종합운동장,버스,358.02397,423,394,월계사거리
수원종합운동장,버스,988.50534,1322,1254,교육청사거리
수원종합운동장,버스,957.9776,1327,1258,KB손해보험인재니움
수원종합운동장,버스,823.26433,1264,1178,장안문
수원종합운동장,버스,627.41491,812,841,조원시장
수원종합운동장,버스,501.17462,845,868,조원1동
수원종합운동장,버스,491.43499,853,875,조원동
수원종합운동장,버스,452.57825,972,974,한일타운
수원종합운동장,버스,832.32053,900,941,송원중학교.수원서부교회
수원종합운동장,버스,724.40728,809,805,송원중학교.수원서부교회
수원종합운동장,버스,283.60068,495,539,로얄팰리스
수원종합운동장,버스,304.63938,542,582,로얄팰리스
수원종합운동장,버스,970.16158,1418,1335,정자사거리
수원종합운동장,버스,997.23267,1241,1171,정자사거리.수성고등학교
수원종합운동장,버스,951.0908,1378,1424,조원뉴타운
수원종합운동장,버스,823.26433,1264,1178,장안문
수원종합운동장,버스,791.89551,1281,1193,장안문
수원종합운동장,버스,957.9776,1327,1258,KB손해보험인재니움
수원종합운동장,버스,988.50534,1322,1254,교육청사거리
수원종합운동장,버스,358.02397,423,394,월계사거리
수원종합운동장,버스,917.03369,1989,2008,화서문로터리
수원종합운동장,버스,363.52916,877,895,장안구청
수원종합운동장,버스,343.66143,823,835,장안구청
수원종합운동장,버스,903.07533,1196,1111,경기일보.한일타운
수원종합운동장,버스,727.2387,1464,1533,장안공원
수원종합운동장,버스,368.77717,499,476,월계사거리
수원종합운동장,버스,905.96332,1949,1948,화서문로터리
수원종합운동장,버스,231.75343,410,384,수원KT위즈파크
수원종합운동장,버스,406.29903,833,896,KT수원지사.국민연금북수원지사
수원종합운동장,버스,248.82439,401,454,수원종합운동장.로얄팰리스.아너스빌위즈
수원종합운동장,버스,716.53536,1017,951,경기일보.한일타운
수원종합운동장,버스,334.66017,641,603,장안지하차도.수원KT위즈파크
수원종합운동장,버스,553.91699,922,925,한일타운.경기일보.홈플러스
수원종합운동장,버스,416.62773,877,880,KT수원지사.국민연금북수원지사
수원종합운동장,버스,784.256,956,1023,조원시장입구
수원종합운동장,버스,835.85228,951,1021,조원시장입구
수원종합운동장,버스,537.65356,1014,1053,장안문.느림보타운
수원종합운동장,버스,507.71038,1002,989,동성아울렛
수원종합운동장,버스,702.37527,1307,1385,조원고등학교
수원종합운동장,버스,681.42706,1266,1280,조원고등학교
수원종합운동장,버스,998.10427,1145,1178,영화공원
수원종합운동장,버스,801.78889,1771,1789,한국은행
수원종합운동장,버스,833.27825,1845,1874,화서문.장안공원
수원종합운동장,버스,164.99727,311,308,수원KT위즈파크.수원종합운동장
수원종합운동장,버스,547.94984,686,696,영화초등학교.한국건강관리협회
수원종합운동장,버스,534.34432,668,749,영화초등학교.한국건강관리협회
수원종합운동장,버스,373.36361,850,849,수성중사거리
수원종합운동장,버스,386.34748,864,862,수성중사거리
수원종합운동장,버스,687.22531,1209,1152,상공회의소.수성고교
수원종합운동장,버스,784.69965,1312,1242,상공회의소
수원종합운동장,버스,459.13944,1017,1075,조원2동주민센터
수원종합운동장,버스,328.24439,434,417,수원KT위즈파크.행정동우회관
수원종합운동장,버스,225.76665,339,338,수원종합운동장.수원시체육회관.아너스빌위즈
수원종합운동장,버스,613.27894,1505,1563,송원초등학교.유당마을
수원종합운동장,버스,665.96092,1805,1801,수일여중
수원종합운동장,버스,605.82306,1486,1518,한일타운후문.교통연수원
수원종합운동장,버스,857.2754,1270,1311,조원주공아파트
수원종합운동장,버스,432.27289,730,693,수성중학교
수원종합운동장,버스,639.32781,824,852,조원시장
수원종합운동장,버스,959.22339,1618,1657,장안문.수원전통문화관
수원종합운동장,버스,645.67075,1155,1186,장안문
수원종합운동장,버스,695.01218,1774,1761,수일여중
수원종합운동장,버스,995.98411,2099,2147,화서문로터리
수원종합운동장,버스,729.51612,1410,1482,장안공원
수원종합운동장,버스,953.57711,1612,1706,수원전통문화관.장안동
수원종합운동장,버스,712.64483,1385,1452,장안공원
수원종합운동장,버스,453.53362,746,708,수성중학교
수원종합운동장,버스,186.7922,608,638,수원KT위즈파크.수원종합운동장
수원종합운동장,버스,784.256,956,1023,조원시장입구
수원종합운동장,버스,857.2754,1270,1311,조원주공아파트
수원종합운동장,버스,605.82306,1486,1518,한일타운후문.교통연수원
수원종합운동장,버스,665.96092,1805,1801,수일여중
수원종합운동장,버스,613.27894,1505,1563,송원초등학교.유당마을
수원종합운동장,버스,225.76665,339,338,수원종합운동장.수원시체육회관.아너스빌위즈
수원종합운동장,버스,328.24439,434,417,수원KT위즈파크.행정동우회관
수원종합운동장,버스,231.75343,410,384,수원KT위즈파크
수원종합운동장,버스,712.64483,1385,1452,장안공원
수원종합운동장,버스,729.51612,1410,1482,장안공원
수원종합운동장,버스,995.98411,2099,2147,화서문로터리
수원종합운동장,버스,695.01218,1774,1761,수일여중
수원종합운동장,버스,645.67075,1155,1186,장안문
수원종합운동장,버스,406.29903,833,896,KT수원지사.국민연금북수원지사
수원종합운동장,버스,248.82439,401,454,수원종합운동장.로얄팰리스.아너스빌위즈
수원종합운동장,버스,716.53536,1017,951,경기일보.한일타운
수원종합운동장,버스,334.66017,641,603,장안지하차도.수원KT위즈파크
수원종합운동장,버스,553.91699,922,925,한일타운.경기일보.홈플러스
수원종합운동장,버스,363.52916,877,895,장안구청
수원종합운동장,버스,343.66143,823,835,장안구청
수원종합운동장,버스,903.07533,1196,1111,경기일보.한일타운
수원종합운동장,버스,727.2387,1464,1533,장안공원
수원종합운동장,버스,368.77717,499,476,월계사거리
수원종합운동장,버스,905.96332,1949,1948,화서문로터리
수원종합운동장,버스,917.03369,1989,2008,화서문로터리
수원종합운동장,버스,358.02397,423,394,월계사거리
수원종합운동장,버스,988.50534,1322,1254,교육청사거리
수원종합운동장,버스,957.9776,1327,1258,KB손해보험인재니움
수원종합운동장,버스,791.89551,1281,1193,장안문
수원종합운동장,버스,823.26433,1264,1178,장안문
수원종합운동장,버스,953.57711,1612,1706,수원전통문화관.장안동
수원종합운동장,버스,959.22339,1618,1657,장안문.수원전통문화관
수원종합운동장,버스,459.13944,1017,1075,조원2동주민센터
수원종합운동장,버스,784.69965,1312,1242,상공회의소
수원종합운동장,버스,687.22531,1209,1152,상공회의소.수성고교
수원종합운동장,버스,386.34748,864,862,수성중사거리
수원종합운동장,버스,373.36361,850,849,수성중사거리
수원종합운동장,버스,534.34432,668,749,영화초등학교.한국건강관리협회
수원종합운동장,버스,547.94984,686,696,영화초등학교.한국건강관리협회
수원종합운동장,버스,164.99727,311,308,수원KT위즈파크.수원종합운동장
수원종합운동장,버스,186.7922,608,638,수원KT위즈파크.수원종합운동장
수원종합운동장,버스,453.53362,746,708,수성중학교
수원종합운동장,버스,432.27289,730,693,수성중학교
수원종합운동장,버스,639.32781,824,852,조원시장
수원종합운동장,버스,627.41491,812,841,조원시장
수원종합운동장,버스,501.17462,845,868,조원1동
수원종합운동장,버스,491.43499,853,875,조원동
수원종합운동장,버스,452.57825,972,974,한일타운
수원종합운동장,버스,951.0908,1378,1424,조원뉴타운
수원종합운동장,버스,997.23267,1241,1171,정자사거리.수성고등학교
수원종합운동장,버스,970.16158,1418,1335,정자사거리
수원종합운동장,버스,304.63938,542,582,로얄팰리스
수원종합운동장,버스,283.60068,495,539,로얄팰리스
수원종합운동장,버스,724.40728,809,805,송원중학교.수원서부교회
수원종합운동장,버스,832.32053,900,941,송원중학교.수원서부교회
수원종합운동장,버스,833.27825,1845,1874,화서문.장안공원
수원종합운동장,버스,801.78889,1771,1789,한국은행
수원종합운동장,버스,998.10427,1145,1178,영화공원
수원종합운동장,버스,681.42706,1266,1280,조원고등학교
수원종합운동장,버스,702.37527,1307,1385,조원고등학교
수원종합운동장,버스,507.71038,1002,989,동성아울렛
수원종합운동장,버스,537.65356,1014,1053,장안문.느림보타운
수원종합운동장,버스,835.85228,951,1021,조원시장입구
수원종합운동장,버스,416.62773,877,880,KT수원지사.국민연금북수원지사
수원종합운동장,버스,343.66143,823,835,장안구청
수원종합운동장,버스,553.91699,922,925,한일타운.경기일보.홈플러스
수원종합운동장,버스,363.52916,877,895,장안구청
수원종합운동장,버스,903.07533,1196,1111,경기일보.한일타운
수원종합운동장,버스,727.2387,1464,1533,장안공원
수원종합운동장,버스,368.77717,499,476,월계사거리
수원종합운동장,버스,905.96332,1949,1948,화서문로터리
수원종합운동장,버스,917.03369,1989,2008,화서문로터리
수원종합운동장,버스,358.02397,423,394,월계사거리
수원종합운동장,버스,988.50534,1322,1254,교육청사거리
수원종합운동장,버스,957.9776,1327,1258,KB손해보험인재니움
수원종합운동장,버스,791.89551,1281,1193,장안문
수원종합운동장,버스,823.26433,1264,1178,장안문
수원종합운동장,버스,953.57711,1612,1706,수원전통문화관.장안동
수원종합운동장,버스,959.22339,1618,1657,장안문.수원전통문화관
수원종합운동장,버스,459.13944,1017,1075,조원2동주민센터
수원종합운동장,버스,784.69965,1312,1242,상공회의소
수원종합운동장,버스,687.22531,1209,1152,상공회의소.수성고교
수원종합운동장,버스,386.34748,864,862,수성중사거리
수원종합운동장,버스,373.36361,850,849,수성중사거리
수원종합운동장,버스,534.34432,668,749,영화초등학교.한국건강관리협회
수원종합운동장,버스,547.94984,686,696,영화초등학교.한국건강관리협회
수원종합운동장,버스,164.99727,311,308,수원KT위즈파크.수원종합운동장
수원종합운동장,버스,186.7922,608,638,수원KT위즈파크.수원종합운동장
수원종합운동장,버스,453.53362,746,708,수성중학교
수원종합운동장,버스,432.27289,730,693,수성중학교
수원종합운동장,버스,639.32781,824,852,조원시장
수원종합운동장,버스,627.41491,812,841,조원시장
수원종합운동장,버스,501.17462,845,868,조원1동
수원종합운동장,버스,491.43499,853,875,조원동
수원종합운동장,버스,452.57825,972,974,한일타운
수원종합운동장,버스,951.0908,1378,1424,조원뉴타운
수원종합운동장,버스,997.23267,1241,1171,정자사거리.수성고등학교
수원종합운동장,버스,970.16158,1418,1335,정자사거리
수원종합운동장,버스,304.63938,542,582,로얄팰리스
수원종합운동장,버스,283.60068,495,539,로얄팰리스
수원종합운동장,버스,724.40728,809,805,송원중학교.수원서부교회
수원종합운동장,버스,832.32053,900,941,송원중학교.수원서부교회
수원종합운동장,버스,833.27825,1845,1874,화서문.장안공원
수원종합운동장,버스,801.78889,1771,1789,한국은행
수원종합운동장,버스,998.10427,1145,1178,영화공원
수원종합운동장,버스,681.42706,1266,1280,조원고등학교
수원종합운동장,버스,702.37527,1307,1385,조원고등학교
수원종합운동장,버스,507.71038,1002,989,동성아울렛
수원종합운동장,버스,537.65356,1014,1053,장안문.느림보타운
수원종합운동장,버스,835.85228,951,1021,조원시장입구
수원종합운동장,버스,784.256,956,1023,조원시장입구
수원종합운동장,버스,416.62773,877,880,KT수원지사.국민연금북수원지사
수원종합운동장,버스,334.66017,641,603,장안지하차도.수원KT위즈파크
수원종합운동장,버스,716.53536,1017,951,경기일보.한일타운
수원종합운동장,버스,248.82439,401,454,수원종합운동장.로얄팰리스.아너스빌위즈
수원종합운동장,버스,406.29903,833,896,KT수원지사.국민연금북수원지사
수원종합운동장,버스,645.67075,1155,1186,장안문
수원종합운동장,버스,695.01218,1774,1761,수일여중
수원종합운동장,버스,995.98411,2099,2147,화서문로터리
수원종합운동장,버스,729.51612,1410,1482,장안공원
수원종합운동장,버스,712.64483,1385,1452,장안공원
수원종합운동장,버스,231.75343,410,384,수원KT위즈파크
수원종합운동장,버스,328.24439,434,417,수원KT위즈파크.행정동우회관
수원종합운동장,버스,225.76665,339,338,수원종합운동장.수원시체육회관.아너스빌위즈
수원종합운동장,버스,613.27894,1505,1563,송원초등학교.유당마을
수원종합운동장,버스,665.96092,1805,1801,수일여중
수원종합운동장,버스,605.82306,1486,1518,한일타운후문.교통연수원
수원종합운동장,버스,857.2754,1270,1311,조원주공아파트
대전월드컵경기장,버스,234.56657,565,569,천양원
대전월드컵경기장,버스,903.40857,1385,1291,정보통신공사협회
대전월드컵경기장,버스,901.30111,1182,1221,월드컵경기장역
대전월드컵경기장,버스,874.80269,1142,1187,월드컵경기장역
대전월드컵경기장,버스,189.82743,341,301,천양원
대전월드컵경기장,버스,940.89174,1528,1500,죽동네거리
대전월드컵경기장,버스,939.30529,1550,1584,죽동네거리
대전월드컵경기장,버스,938.82625,2117,2120,유성생명과학고
대전월드컵경기장,버스,807.97782,1246,1276,월드컵경기장역
대전월드컵경기장,버스,730.34148,1109,1137,월드컵경기장역
대전월드컵경기장,버스,652.05717,1440,1426,노은동화훼단지
대전월드컵경기장,버스,676.53233,1468,1448,노은동화훼단지
대전월드컵경기장,버스,949.9073,2097,2036,유성선병원
대전월드컵경기장,버스,416.9427,738,670,현충원역
대전월드컵경기장,버스,267.5354,614,623,현충원역
대전월드컵경기장,버스,637.4689,745,766,노은농수산시장
대전월드컵경기장,버스,423.00032,1025,1186,노은농수산물시장
대전월드컵경기장,버스,370.35831,763,813,노은농수산물시장
대전월드컵경기장,버스,889.15004,1495,1459,정보통신공사협회
대전월드컵경기장,버스,914.49839,1574,1535,정보통신공사협회
대전월드컵경기장,버스,942.64348,1263,1232,구암역
대전월드컵경기장,버스,911.04661,1220,1136,구암역
대전월드컵경기장,버스,886.46633,1891,1851,구암동
대전월드컵경기장,버스,931.32689,2037,2045,구암동
대전월드컵경기장,버스,999.9408,1183,1150,구암역
대전월드컵경기장,버스,977.41903,1230,1199,구암8통
대전월드컵경기장,지하철,658.57218,950,940,월드컵경기장(7)
대전월드컵경기장,지하철,662.61261,1071,1135,월드컵경기장(6)
대전월드컵경기장,지하철,711.58223,1063,1095,월드컵경기장(5)
대전월드컵경기장,지하철,762.04569,1096,1135,월드컵경기장(4)
대전월드컵경기장,지하철,790.43361,1092,1144,월드컵경기장(3)
대전월드컵경기장,지하철,774.29557,1051,1105,월드컵경기장(2)
대전월드컵경기장,지하철,727.45731,968,948,월드컵경기장(1)
대전월드컵경기장,지하철,247.50091,579,523,현충원(4)
대전월드컵경기장,지하철,313.90141,645,585,현충원(3)
대전월드컵경기장,지하철,337.91791,686,688,현충원(2)
대전월드컵경기장,지하철,274.11349,622,632,현충원(1)
대전월드컵경기장,버스,686.13844,774,785,노은농수산시장
대전월드컵경기장,지하철,727.45731,968,948,월드컵경기장(1)
대전월드컵경기장,지하철,274.11349,622,632,현충원(1)
대전월드컵경기장,지하철,337.91791,686,688,현충원(2)
대전월드컵경기장,지하철,313.90141,645,585,현충원(3)
대전월드컵경기장,지하철,247.50091,579,523,현충원(4)
대전월드컵경기장,지하철,774.29557,1051,1105,월드컵경기장(2)
대전월드컵경기장,지하철,790.43361,1092,1144,월드컵경기장(3)
대전월드컵경기장,지하철,762.04569,1096,1135,월드컵경기장(4)
대전월드컵경기장,지하철,711.58223,1063,1095,월드컵경기장(5)
대전월드컵경기장,지하철,662.61261,1071,1135,월드컵경기장(6)
대전월드컵경기장,지하철,658.57218,950,940,월드컵경기장(7)
대전월드컵경기장,버스,977.41903,1230,1199,구암8통
대전월드컵경기장,버스,999.9408,1183,1150,구암역
대전월드컵경기장,버스,931.32689,2037,2045,구암동
대전월드컵경기장,버스,886.46633,1891,1851,구암동
대전월드컵경기장,버스,911.04661,1220,1136,구암역
대전월드컵경기장,버스,942.64348,1263,1232,구암역
대전월드컵경기장,버스,914.49839,1574,1535,정보통신공사협회
대전월드컵경기장,버스,889.15004,1495,1459,정보통신공사협회
대전월드컵경기장,버스,370.35831,763,813,노은농수산물시장
대전월드컵경기장,버스,423.00032,1025,1186,노은농수산물시장
대전월드컵경기장,버스,686.13844,774,785,노은농수산시장
대전월드컵경기장,버스,938.82625,2117,2120,유성생명과학고
대전월드컵경기장,버스,939.30529,1550,1584,죽동네거리
대전월드컵경기장,버스,940.89174,1528,1500,죽동네거리
대전월드컵경기장,버스,234.56657,565,569,천양원
대전월드컵경기장,버스,189.82743,341,301,천양원
대전월드컵경기장,버스,874.80269,1142,1187,월드컵경기장역
대전월드컵경기장,버스,901.30111,1182,1221,월드컵경기장역
대전월드컵경기장,버스,903.40857,1385,1291,정보통신공사협회
대전월드컵경기장,버스,637.4689,745,766,노은농수산시장
대전월드컵경기장,버스,267.5354,614,623,현충원역
대전월드컵경기장,버스,416.9427,738,670,현충원역
대전월드컵경기장,버스,949.9073,2097,2036,유성선병원
대전월드컵경기장,버스,676.53233,1468,1448,노은동화훼단지
대전월드컵경기장,버스,652.05717,1440,1426,노은동화훼단지
대전월드컵경기장,버스,730.34148,1109,1137,월드컵경기장역
대전월드컵경기장,버스,807.97782,1246,1276,월드컵경기장역
광주월드컵경기장,버스,354.2774,806,888,월드컵경기장
광주월드컵경기장,버스,471.09551,1265,1292,럭키아파트
광주월드컵경기장,버스,590.92353,1240,1312,화정남초교
광주월드컵경기장,버스,621.12209,1411,1395,염주주공
광주월드컵경기장,버스,625.00869,1306,1359,염주주공
광주월드컵경기장,버스,993.57728,1923,1911,염주맨션
광주월드컵경기장,버스,290.17091,542,575,월드컵경기장 정문
광주월드컵경기장,버스,445.95063,910,959,화정우성아파트
광주월드컵경기장,버스,400.82395,1050,1059,풍암모아아파트
광주월드컵경기장,버스,833.82923,1718,1713,염주사거리(서)
광주월드컵경기장,버스,856.03668,1779,1760,염주사거리(서)
광주월드컵경기장,버스,297.21354,546,583,월드컵경기장 정문
광주월드컵경기장,버스,473.59586,969,1009,화정우성아파트
광주월드컵경기장,버스,217.27304,268,325,월드컵경기장주차장
광주월드컵경기장,버스,613.07772,624,671,서구국민체육센터
광주월드컵경기장,버스,586.83077,1317,1325,풍암한신아파트
광주월드컵경기장,버스,912.75481,1740,1755,풍암한국아파트
광주월드컵경기장,버스,946.95382,1792,1841,풍암한국아파트
광주월드컵경기장,버스,873.09478,1048,1150,풍암우미아파트
광주월드컵경기장,버스,585.59149,1331,1388,풍암한신아파트
광주월드컵경기장,버스,893.29648,1064,1175,풍암우미아파트
광주월드컵경기장,버스,478.19014,1279,1305,럭키아파트
광주월드컵경기장,버스,592.35351,1240,1237,화정남초교
광주월드컵경기장,버스,557.70319,1093,1180,염주체육관
광주월드컵경기장,버스,538.34784,1178,1197,염주체육관
광주월드컵경기장,버스,792.5279,1705,1707,염주사거리(동)
광주월드컵경기장,버스,816.19357,1784,1786,염주사거리(동)
광주월드컵경기장,버스,672.79494,713,754,서구국민체육센터
광주월드컵경기장,버스,198.5785,246,239,월드컵경기장주차장
광주월드컵경기장,버스,383.24899,1006,1006,풍암모아아파트
광주월드컵경기장,버스,686.21932,1348,1217,풍암저수지
광주월드컵경기장,버스,639.18475,1323,1279,풍암저수지
광주월드컵경기장,버스,329.52927,781,833,월드컵경기장
광주월드컵경기장,버스,663.17656,767,814,서구국민체육센터
광주월드컵경기장,버스,333.67522,680,689,화정우성아파트
광주월드컵경기장,버스,261.0072,257,262,월드컵경기장 정문
광주월드컵경기장,버스,309.62719,411,468,월드컵경기장주차장
광주월드컵경기장,버스,310.71106,621,638,화정우성아파트
광주월드컵경기장,버스,242.26433,253,255,월드컵경기장 정문
광주월드컵경기장,버스,288.94132,389,382,월드컵경기장주차장
광주월드컵경기장,버스,726.30631,855,897,서구국민체육센터
광주월드컵경기장,버스,837.12108,1802,1721,보건환경연구원
광주월드컵경기장,버스,381.50833,927,928,염주체육관
광주월드컵경기장,버스,405.8327,935,997,염주체육관
광주월드컵경기장,버스,419.28871,951,916,화정남초교
광주월드컵경기장,버스,291.2391,990,984,럭키아파트
광주월드컵경기장,버스,972.96063,1207,1317,풍암우미아파트
광주월드컵경기장,버스,955.31394,1191,1293,풍암우미아파트
광주월드컵경기장,버스,764.84015,1355,1461,풍암한신아파트
광주월드컵경기장,버스,765.56112,1351,1429,풍암한신아파트
광주월드컵경기장,버스,586.0572,1070,1100,풍암모아아파트
광주월드컵경기장,버스,567.54395,1051,1047,풍암모아아파트
광주월드컵경기장,버스,790.68772,1368,1258,풍암저수지
광주월드컵경기장,버스,755.28702,1343,1319,풍암저수지
광주월드컵경기장,버스,154.86463,456,474,월드컵경기장
광주월드컵경기장,버스,183.21586,555,619,월드컵경기장
광주월드컵경기장,버스,284.20289,976,972,럭키아파트
광주월드컵경기장,버스,422.93596,951,992,화정남초교
광주월드컵경기장,버스,439.65951,1159,1126,염주주공
광주월드컵경기장,버스,447.41997,1161,1125,염주주공
광주월드컵경기장,버스,847.8788,1765,1728,염주맨션
광주월드컵경기장,버스,913.04784,1845,1804,염주맨션
광주월드컵경기장,버스,633.93209,1527,1487,염주사거리(동)
광주월드컵경기장,버스,607.07576,1448,1408,염주사거리(동)
광주월드컵경기장,버스,647.0568,1461,1414,염주사거리(서)
광주월드컵경기장,버스,670.35526,1490,1440,염주사거리(서)
광주월드컵경기장,버스,974.78728,2020,1914,쌍촌시영아파트
광주월드컵경기장,버스,888.97748,1829,1742,서광주우체국
광주월드컵경기장,버스,878.76926,1828,1741,서광주우체국
강릉종합운동장,버스,254.82706,435,387,강릉올림픽파크
강릉종합운동장,버스,536.52283,1099,952,교동한신A
강릉종합운동장,버스,544.0626,1122,970,교동한신A
강릉종합운동장,버스,646.61661,1510,1510,화부산막국수
강릉종합운동장,버스,858.07098,1858,1822,명륜고교후문
강릉종합운동장,버스,553.85789,850,767,수리골
강릉종합운동장,버스,229.58391,414,404,종합경기장
강릉종합운동장,버스,198.69817,396,388,종합경기장
강릉종합운동장,버스,816.95589,1853,1837,중부지구대
강릉종합운동장,버스,837.25109,1853,1838,중부지구대
강릉종합운동장,버스,976.78263,2098,2047,강릉농협
강릉종합운동장,버스,976.01742,2095,2043,강릉농협
강릉종합운동장,버스,917.82667,1487,1493,강일여고
강릉종합운동장,버스,848.92955,1924,1890,구터미널
강릉종합운동장,버스,848.95631,1266,1297,롯데캐슬아파트
강릉종합운동장,버스,957.39233,1569,1519,모안이서낭당
강릉종합운동장,버스,953.97261,1582,1531,모안이서낭당
강릉종합운동장,버스,981.40177,1533,1327,강릉축산농협
강릉종합운동장,버스,922.25707,1587,1376,강릉관광호텔
강릉종합운동장,버스,693.23984,1580,1578,강릉역건너편
강릉종합운동장,버스,690.6078,1573,1503,강릉역
강릉종합운동장,버스,255.2803,442,400,강릉올림픽파크
강릉종합운동장,버스,979.84639,1240,1282,율곡중정문
강릉종합운동장,버스,627.67565,1263,1245,가작다리입구
강릉종합운동장,버스,637.04874,1466,1497,가작다리입구
강릉종합운동장,버스,639.12526,1057,916,미라보A
강릉종합운동장,버스,652.20984,1519,1528,화부산막국수
강릉종합운동장,버스,861.86862,1877,1857,명륜고교후문
강릉종합운동장,버스,549.1328,851,762,수리골
강릉종합운동장,버스,387.02709,709,709,e-편한세상아파트
강릉종합운동장,버스,703.1132,1117,1105,교2동주민센터
강릉종합운동장,버스,887.57426,1466,1409,강일여고
강릉종합운동장,버스,825.37892,1196,1231,율곡중학교
강릉종합운동장,버스,813.15531,1191,1114,율곡중학교
강릉종합운동장,버스,382.33191,664,665,e-편한세상아파트
강릉종합운동장,버스,215.97662,475,455,종합경기장입구
강릉종합운동장,버스,561.30697,670,582,예인수석원
강릉종합운동장,버스,759.35019,838,727,강릉MBC
강릉종합운동장,버스,633.08622,873,747,미라보A
춘천의암야구장,버스,437.73338,774,811,강원체고앞
춘천의암야구장,버스,613.37488,1321,1352,송암스포츠타운입구
춘천의암야구장,버스,172.93889,240,216,송암스포츠타운
춘천의암야구장,버스,802.70319,1524,1539,마삼래
춘천의암야구장,버스,200.01834,270,302,송암스포츠타운
춘천의암야구장,버스,141.50715,575,550,송암동
춘천의암야구장,버스,258.36572,709,742,송암동
춘천의암야구장,버스,780.36716,1942,1929,대원사
춘천의암야구장,버스,686.03297,1348,1416,송암스포츠타운입구
춘천의암야구장,버스,777.59376,1932,1897,대원사
춘천의암야구장,버스,135.02441,425,425,강원체육회관
춘천의암야구장,버스,432.58045,720,687,강원체고앞
서울월드컵경기장,버스,548.39237,666,640,마포구청.마포구청역
서울월드컵경기장,버스,603.34655,554,516,월드컵경기장역
서울월드컵경기장,버스,984.45179,1166,1207,성산시영아파트
서울월드컵경기장,버스,616.97573,572,533,월드컵경기장역
서울월드컵경기장,지하철,754.94519,996,1070,디지털미디어시티(3)
서울월드컵경기장,지하철,882.78564,1385,1461,디지털미디어시티(6)
서울월드컵경기장,지하철,704.50563,1164,1216,디지털미디어시티(7)
서울월드컵경기장,지하철,657.96704,1231,1346,디지털미디어시티(8)
서울월드컵경기장,지하철,643.83753,1289,1321,디지털미디어시티(9)
서울월드컵경기장,지하철,478.56268,538,531,월드컵경기장(1)
서울월드컵경기장,지하철,471.26129,478,488,월드컵경기장(2)
서울월드컵경기장,지하철,483.91933,482,482,월드컵경기장(3)
서울월드컵경기장,지하철,898.29995,1003,965,마포구청(1)
서울월드컵경기장,지하철,951.73485,1072,1032,마포구청(2)
서울월드컵경기장,버스,725.85178,817,733,마포구청.마포구청역
서울월드컵경기장,지하철,872.55513,1001,946,마포구청(8)
서울월드컵경기장,지하철,722.34952,928,980,디지털미디어시티(2)
서울월드컵경기장,지하철,754.94519,996,1070,디지털미디어시티(3)
서울월드컵경기장,지하철,882.78564,1385,1461,디지털미디어시티(6)
서울월드컵경기장,지하철,704.50563,1164,1216,디지털미디어시티(7)
서울월드컵경기장,지하철,657.96704,1231,1346,디지털미디어시티(8)
서울월드컵경기장,지하철,643.83753,1289,1321,디지털미디어시티(9)
서울월드컵경기장,버스,634.70778,1232,1254,월드컵파크2단지.에스플렉스센터
서울월드컵경기장,버스,699.84162,1469,1641,상암DMC홍보관.YTN
서울월드컵경기장,버스,706.86988,1516,1614,상암DMC홍보관.YTN
서울월드컵경기장,버스,734.71647,1685,1686,SBS.YTN
서울월드컵경기장,버스,999.66635,2097,2007,복지마트
서울월드컵경기장,버스,993.66329,2099,2008,복지마트
서울월드컵경기장,버스,691.15574,1721,1683,진선주택
서울월드컵경기장,버스,512.29176,760,839,월드컵경기장역
서울월드컵경기장,버스,636.19561,1387,1387,KBS미디어센터
서울월드컵경기장,버스,666.5858,1249,1267,월드컵파크2단지
서울월드컵경기장,버스,330.89079,543,529,마포농수산물시장.월드컵경기장
서울월드컵경기장,버스,765.40498,919,921,월드컵파크3단지
서울월드컵경기장,버스,993.99452,1135,1132,난지천공원
서울월드컵경기장,버스,784.94087,1010,1082,디지털미디어시티역
서울월드컵경기장,버스,963.24882,1148,1197,청구아파트.참누리아파트
서울월드컵경기장,버스,982.82328,1151,1200,청구아파트.참누리아파트
서울월드컵경기장,버스,787.38136,1543,1519,월드컵파크4단지후문.JTBC
서울월드컵경기장,버스,267.2505,321,405,월드컵공원입구.문화비축기지입구
서울월드컵경기장,버스,764.25246,866,929,디지털미디어시티역
서울월드컵경기장,버스,493.28804,700,787,월드컵경기장북측
서울월드컵경기장,버스,925.36306,1779,1911,누리꿈스퀘어.MBC
서울월드컵경기장,버스,993.80906,1322,1306,월드컵경기장입구
서울월드컵경기장,버스,982.02206,1278,1232,월드컵경기장입구
서울월드컵경기장,버스,520.42864,743,822,상암동입구
서울월드컵경기장,버스,596.99242,682,769,상암동입구
서울월드컵경기장,버스,995.82822,2433,2311,망원유수지.마포구민체육센터
서울월드컵경기장,버스,993.79618,2439,2315,태양빌딩
서울월드컵경기장,버스,988.67039,2432,2311,망원유수지.마포구민체육센터
서울월드컵경기장,지하철,722.34952,928,980,디지털미디어시티(2)
서울월드컵경기장,버스,552.44746,639,635,월드컵파크3단지후문
서울월드컵경기장,버스,574.63349,652,675,월드컵경기장북측
서울월드컵경기장,버스,809.51472,1631,1846,월드컵파크4단지후문.JTBC
서울월드컵경기장,버스,690.91259,918,970,디지털미디어시티역2번출구
서울월드컵경기장,버스,506.42027,769,847,월드컵경기장북측
서울월드컵경기장,버스,533.4262,1233,1357,상암초등학교
서울월드컵경기장,버스,950.12019,1101,1047,난지천공원
서울월드컵경기장,버스,968.57016,2362,2245,한강공원입구
서울월드컵경기장,버스,745.10088,1838,1845,성산대교북단
서울월드컵경기장,버스,785.62666,2364,2267,성산대교
서울월드컵경기장,버스,742.60313,2221,2125,성산대교
서울월드컵경기장,버스,546.42622,1300,1356,상암초등학교
서울월드컵경기장,버스,44.60297,371,397,월드컵경기장서측.문화비축기지
서울월드컵경기장,버스,70.35366,72,65,월드컵경기장서측.문화비축기지
서울월드컵경기장,버스,434.21036,1012,1097,상암휴먼시아아파트
서울월드컵경기장,버스,285.93411,522,517,마포농수산물시장.월드컵공원
서울월드컵경기장,버스,448.2587,996,1076,상암휴먼시아아파트
서울월드컵경기장,버스,211.33871,373,321,월드컵경기장남측.월드컵공원
서울월드컵경기장,버스,910.25304,2341,2227,망원유수지.마포구민체육센터
서울월드컵경기장,버스,750.53039,1812,1758,동양마트
서울월드컵경기장,버스,754.52731,1802,1750,동양마트
서울월드컵경기장,버스,812.45026,1879,1818,대상아파트
서울월드컵경기장,버스,817.00006,1880,1821,대상아파트
서울월드컵경기장,버스,909.99033,1984,1906,홍익유치원
서울월드컵경기장,버스,916.36223,1975,1897,홍익유치원
서울월드컵경기장,버스,762.61277,911,904,성산아파트
서울월드컵경기장,버스,773.62917,924,979,성산아파트
서울월드컵경기장,버스,829.58189,951,900,마포구청
서울월드컵경기장,버스,980.09746,1335,1319,마포구청역
서울월드컵경기장,버스,970.45248,1289,1244,마포구청역
서울월드컵경기장,버스,867.56945,963,927,마포구청.성산자동차검사소
서울월드컵경기장,버스,973.4548,1159,1137,성산119안전센터
서울월드컵경기장,버스,669.65329,1238,1258,월드컵파크2단지.에스플렉스센터
서울월드컵경기장,버스,724.90754,994,959,월드컵파크3단지정문
서울월드컵경기장,지하철,722.34952,928,980,디지털미디어시티(2)
서울월드컵경기장,지하철,754.94519,996,1070,디지털미디어시티(3)
서울월드컵경기장,지하철,882.78564,1385,1461,디지털미디어시티(6)
서울월드컵경기장,지하철,704.50563,1164,1216,디지털미디어시티(7)
서울월드컵경기장,지하철,657.96704,1231,1346,디지털미디어시티(8)
서울월드컵경기장,버스,241.88299,292,323,월드컵공원입구.문화비축기지입구
서울월드컵경기장,버스,822.95744,979,935,월드컵파크3단지.난지천공원
서울월드컵경기장,버스,737.01126,885,892,월드컵파크3단지.난지천공원
서울월드컵경기장,버스,732.55877,1594,1598,SBS.YTN
서울월드컵경기장,지하철,643.83753,1289,1321,디지털미디어시티(9)
서울월드컵경기장,버스,760.65673,1941,1986,성산대교북단
서울월드컵경기장,버스,773.40473,2326,2235,성산대교북단
서울월드컵경기장,버스,738.52271,2016,2073,성산대교북단
서울월드컵경기장,버스,696.44419,1747,1704,진선주택
서울월드컵경기장,버스,675.3129,1162,1141,성산대교북단
서울월드컵경기장,버스,657.78736,1534,1570,상암동주민센터앞
서울월드컵경기장,버스,770.64281,1700,1780,YTN뉴스퀘어.CJE&M
서울월드컵경기장,버스,796.40997,1710,1849,MBC
서울월드컵경기장,버스,995.35352,1595,1521,월드컵파크4단지
서울월드컵경기장,버스,974.51858,2074,2035,MBC
서울월드컵경기장,버스,964.09765,2053,2158,MBC
서울월드컵경기장,버스,604.95642,566,527,월드컵경기장역
서울월드컵경기장,버스,568.31324,682,602,마포구청.농수산물시장
서울월드컵경기장,버스,832.91847,1636,1851,월드컵파크4단지
서울월드컵경기장,버스,702.46213,1167,1219,공항철도디지털미디어시티역
서울월드컵경기장,버스,772.40645,950,1004,디지털미디어시티역
서울월드컵경기장,버스,661.39725,1222,1330,공항철도디지털미디어시티역
